section,question,format_reponse,exemple,valeur
Identification,Nom application,texte,Flux Paiement Fournisseurs,
Identification,Owner metier,texte,Direction Finance,
Identification,Owner technique,texte,Equipe Integration,
Identification,Criticite metier,enum(faible|moyenne|elevee),elevee,
Topologie,Composants impliques (scripts/workflow/mq/api/ftp),texte long,scripts ksh + boomi + sftp,
Topologie,Nombre de dependances amont,entier,4,
Topologie,Nombre de dependances aval,entier,3,
Topologie,Contraintes de sequence/cutoff,texte long,cutoff 22h30,
Donnees,Formats echanges,enum multiple(csv|xml|json|idoc|autre),csv;idoc,
Donnees,Volumetrie moyenne Go/jour,nombre,12,
Donnees,Volumetrie pic Go/jour,nombre,45,
Donnees,Nb fichiers ou messages par run,entier,250,
Performance,Frequence d'execution,texte,4 runs/jour,
Performance,Fenetre batch max (minutes),entier,120,
Performance,SLA disponibilite cible (%),nombre,99.5,
Performance,SLO reprise incident RTO (minutes),entier,30,
Securite,Classification des donnees,enum(interne|confidentiel|sensible),confidentiel,
Securite,Exigence chiffrement transit,boolean,true,
Securite,Exigence chiffrement repos,boolean,true,
Securite,Exigence audit/retention logs,texte long,retention 13 mois,
Exploitation,Taux d'echec actuel (%),nombre,1.8,
Exploitation,MTTR actuel (minutes),entier,40,
Exploitation,Runbook existant,boolean,true,
Exploitation,Astreinte operationnelle,boolean,true,
Industrialisation,Composants reutilisables identifies,texte long,template mapping + controles,
Industrialisation,Blocages a la standardisation,texte long,dependance ordonnanceur proprietaire,
Industrialisation,Pattern AWS envisage,enum(A|B|C),B,
Industrialisation,Priorite dans la vague,enum(A|B|C),B,
Decision,Recommandation finale,enum(etendre|ajuster|arreter),,
Decision,Justification,texte long,,
